{
    "thigh": 0.36,
    "shank": 0.35,
    "torso": 0.0975,
    "sole_r": [0.0, -0.0975, 0.0],
    "sole_l": [0.0, 0.0975, 0.0],
    "sole_x_front": 0.16,
    "sole_x_back": 0.09,
    "sole_y": 0.085,
    "soles_min_distance": 0.18,

    "total_mass": 65.8,
    "links_mass":
    [
        13.2473824912366,
        3.1729,
        2.44028233906507,
        5.27157,
        2.23575,
        0.18834,
        1.80660460486529,
        3.1707,
        2.43805,
        5.61487,
        2.23418,
        0.18834,
        1.8051
    ],
    "links_com_position":
    [
        [0.0063, -0.00179, 0.306],
        [-0.07423, 0, 0.0213],
        [0.000984969543886728, 0.0247755120757208, -0.00015880471566998],
        [-0.00086, 0.01229, -0.18794],
        [0.01649, 0.00164, -0.08690],
        [-0.03478, 0.00111, -0.00042],
        [0.0261782638901839, 0.000138793078492322, -0.040153711347177],
        [-0.07423, 0, 0.0213],
        [0.00085, -0.02478, 0.00015],
        [-0.00086, -0.013, -0.18504],
        [0.01575 , -0.00162, -0.08673],
        [-0.003478, -0.00112, -0.00042],
        [0.02617, 0.00013891, -0.040175]

    ],
    "joint_axis":
    [
        [0.0, 0.0, 1.0],
        [1.0, 0.0, 0.0],
        [0.0, 1.0, 0.0],
        [0.0, 1.0, 0.0],
        [0.0, 1.0, 0.0],
        [1.0, 0.0, 0.0],
        [0.0, 0.0, 1.0],
        [1.0, 0.0, 0.0],
        [0.0, 1.0, 0.0],
        [0.0, 1.0, 0.0],
        [0.0, 1.0, 0.0],
        [1.0, 0.0, 0.0]
    ],
    "joint_position":
    [
        [0.0, -0.0975, 0.0],
        [0.0, 0.0, 0.0],
        [0.0, 0.0, 0.0],
        [0.0, 0.0, -0.36],
        [0.0, 0.0, -0.35],
        [0.0, 0.0, 0.0],
        [0.0, 0.0975, 0.0],
        [0.0, 0.0, 0.0],
        [0.0, 0.0, 0.0],
        [0.0, 0.0, -0.36],
        [0.0, 0.0, -0.35],
        [0.0, 0.0, 0.0]
    ]
}